id_encuesta,id_pregunta,respuesta
30,1,4
30,2,5
30,3,4
30,4,2
30,5,2
30,6,3
30,7,2
30,8,2
30,9,4
30,10,3
30,11,3
30,12,2
30,13,2
30,14,1
30,15,3
30,16,3
30,17,2
30,18,3
30,19,5
30,20,4
30,21,3
30,22,3
30,23,5
30,24,4
30,25,4
30,26,4
31,1,4
31,2,4
31,3,1
31,4,2
31,5,3
31,6,5
31,7,5
31,8,4
31,9,5
31,10,4
31,11,1
31,12,1
31,13,5
31,14,2
31,15,4
31,16,4
31,17,3
31,18,1
31,19,2
31,20,5
31,21,5
31,22,5
31,23,5
31,24,4
31,25,3
31,26,5
32,1,3
32,2,4
32,3,3
32,4,4
32,5,4
32,6,4
32,7,2
32,8,3
32,9,4
32,10,2
32,11,4
32,12,2
32,13,4
32,14,2
32,15,4
32,16,4
32,17,2
32,18,3
32,19,2
32,20,1
32,21,3
32,22,2
32,23,5
32,24,1
32,25,1
32,26,4
33,1,3
33,2,3
33,3,3
33,4,3
33,5,3
33,6,3
33,7,3
33,8,3
33,9,3
33,10,3
33,11,3
33,12,3
33,13,3
33,14,3
33,15,3
33,16,3
33,17,3
33,18,3
33,19,3
33,20,3
33,21,3
33,22,3
33,23,3
33,24,3
33,25,3
33,26,3
34,1,4
34,2,4
34,3,3
34,4,2
34,5,5
34,6,4
34,7,3
34,8,3
34,9,4
34,10,2
34,11,3
34,12,1
34,13,4
34,14,2
34,15,3
34,16,4
34,17,2
34,18,3
34,19,1
34,20,1
34,21,2
34,22,4
34,23,4
34,24,2
34,25,1
34,26,4
35,1,4
35,2,5
35,3,1
35,4,5
35,5,4
35,6,5
35,7,5
35,8,4
35,9,4
35,10,3
35,11,4
35,12,4
35,13,5
35,14,4
35,15,4
35,16,4
35,17,5
35,18,1
35,19,4
35,20,4
35,21,4
35,22,5
35,23,5
35,24,2
35,25,2
35,26,4
36,1,4
36,2,5
36,3,4
36,4,2
36,5,4
36,6,5
36,7,2
36,8,4
36,9,5
36,10,2
36,11,1
36,12,3
36,13,4
36,14,3
36,15,2
36,16,3
36,17,2
36,18,2
36,19,1
36,20,1
36,21,4
36,22,3
36,23,5
36,24,2
36,25,1
36,26,5
37,1,2
37,2,5
37,3,3
37,4,3
37,5,5
37,6,4
37,7,4
37,8,4
37,9,4
37,10,4
37,11,4
37,12,2
37,13,4
37,14,2
37,15,4
37,16,4
37,17,4
37,18,3
37,19,3
37,20,2
37,21,4
37,22,3
37,23,5
37,24,3
37,25,2
37,26,5
38,1,4
38,2,4
38,3,3
38,4,4
38,5,5
38,6,5
38,7,3
38,8,2
38,9,3
38,10,4
38,11,4
38,12,3
38,13,4
38,14,2
38,15,1
38,16,3
38,17,1
38,18,4
38,19,1
38,20,1
38,21,1
38,22,1
38,23,5
38,24,1
38,25,1
38,26,5
39,1,3
39,2,4
39,3,5
39,4,2
39,5,4
39,6,4
39,7,2
39,8,2
39,9,4
39,10,4
39,11,2
39,12,1
39,13,4
39,14,1
39,15,1
39,16,4
39,17,1
39,18,5
39,19,2
39,20,1
39,21,1
39,22,2
39,23,5
39,24,1
39,25,1
39,26,3
40,1,3
40,2,1
40,3,1
40,4,2
40,5,4
40,6,4
40,7,4
40,8,3
40,9,1
40,10,4
40,11,4
40,12,1
40,13,1
40,14,1
40,15,3
40,16,3
40,17,1
40,18,1
40,19,4
40,20,4
40,21,4
40,22,4
40,23,5
40,24,1
40,25,1
40,26,4
41,1,2
41,2,3
41,3,4
41,4,2
41,5,4
41,6,4
41,7,2
41,8,2
41,9,4
41,10,3
41,11,3
41,12,1
41,13,4
41,14,2
41,15,3
41,16,4
41,17,1
41,18,4
41,19,2
41,20,1
41,21,2
41,22,2
41,23,5
41,24,1
41,25,1
41,26,4
42,1,4
42,2,4
42,3,3
42,4,4
42,5,4
42,6,4
42,7,3
42,8,3
42,9,4
42,10,4
42,11,1
42,12,3
42,13,4
42,14,4
42,15,2
42,16,4
42,17,4
42,18,4
42,19,2
42,20,3
42,21,3
42,22,2
42,23,5
42,24,2
42,25,2
42,26,4
43,1,4
43,2,5
43,3,4
43,4,2
43,5,5
43,6,4
43,7,2
43,8,5
43,9,4
43,10,2
43,11,3
43,12,4
43,13,3
43,14,2
43,15,3
43,16,4
43,17,1
43,18,3
43,19,1
43,20,1
43,21,2
43,22,4
43,23,3
43,24,1
43,25,1
43,26,4
44,1,4
44,2,5
44,3,3
44,4,3
44,5,4
44,6,5
44,7,5
44,8,4
44,9,3
44,10,3
44,11,4
44,12,3
44,13,5
44,14,4
44,15,4
44,16,4
44,17,4
44,18,2
44,19,3
44,20,2
44,21,4
44,22,4
44,23,5
44,24,2
44,25,1
44,26,5
45,1,4
45,2,4
45,3,4
45,4,2
45,5,5
45,6,4
45,7,2
45,8,2
45,9,4
45,10,4
45,11,5
45,12,2
45,13,4
45,14,2
45,15,2
45,16,3
45,17,2
45,18,2
45,19,2
45,20,2
45,21,2
45,22,4
45,23,5
45,24,2
45,25,1
45,26,4
46,1,3
46,2,5
46,3,3
46,4,3
46,5,5
46,6,5
46,7,4
46,8,3
46,9,4
46,10,3
46,11,2
46,12,2
46,13,4
46,14,3
46,15,4
46,16,4
46,17,5
46,18,5
46,19,2
46,20,3
46,21,4
46,22,3
46,23,5
46,24,3
46,25,3
46,26,4
47,1,2
47,2,5
47,3,5
47,4,1
47,5,4
47,6,5
47,7,1
47,8,1
47,9,5
47,10,5
47,11,4
47,12,5
47,13,5
47,14,1
47,15,2
47,16,3
47,17,1
47,18,4
47,19,2
47,20,1
47,21,1
47,22,1
47,23,5
47,24,1
47,25,1
47,26,5
48,1,3
48,2,5
48,3,5
48,4,1
48,5,2
48,6,5
48,7,4
48,8,4
48,9,5
48,10,3
48,11,2
48,12,4
48,13,5
48,14,2
48,15,2
48,16,4
48,17,4
48,18,5
48,19,2
48,20,2
48,21,4
48,22,5
48,23,5
48,24,1
48,25,1
48,26,5
49,1,2
49,2,5
49,3,1
49,4,5
49,5,1
49,6,5
49,7,5
49,8,5
49,9,4
49,10,3
49,11,4
49,12,3
49,13,5
49,14,4
49,15,5
49,16,5
49,17,5
49,18,2
49,19,3
49,20,4
49,21,5
49,22,5
49,23,4
49,24,5
49,25,1
49,26,4
50,1,4
50,2,5
50,3,2
50,4,5
50,5,1
50,6,5
50,7,4
50,8,4
50,9,3
50,10,5
50,11,1
50,12,1
50,13,5
50,14,4
50,15,2
50,16,5
50,17,5
50,18,3
50,19,4
50,20,5
50,21,5
50,22,5
50,23,5
50,24,3
50,25,2
50,26,5
51,1,4
51,2,5
51,3,4
51,4,2
51,5,3
51,6,4
51,7,4
51,8,2
51,9,4
51,10,2
51,11,4
51,12,1
51,13,5
51,14,4
51,15,3
51,16,4
51,17,4
51,18,2
51,19,3
51,20,3
51,21,3
51,22,5
51,23,5
51,24,3
51,25,3
51,26,5
52,1,4
52,2,5
52,3,3
52,4,5
52,5,4
52,6,3
52,7,5
52,8,3
52,9,5
52,10,2
52,11,2
52,12,2
52,13,5
52,14,3
52,15,3
52,16,3
52,17,4
52,18,2
52,19,2
52,20,2
52,21,4
52,22,2
52,23,5
52,24,3
52,25,2
52,26,4
53,1,3
53,2,2
53,3,4
53,4,2
53,5,5
53,6,4
53,7,4
53,8,4
53,9,2
53,10,2
53,11,4
53,12,1
53,13,4
53,14,3
53,15,2
53,16,4
53,17,2
53,18,1
53,19,1
53,20,1
53,21,4
53,22,3
53,23,5
53,24,1
53,25,1
53,26,4
54,1,2
54,2,5
54,3,4
54,4,2
54,5,4
54,6,5
54,7,4
54,8,2
54,9,4
54,10,4
54,11,2
54,12,4
54,13,4
54,14,2
54,15,4
54,16,4
54,17,2
54,18,2
54,19,3
54,20,2
54,21,1
54,22,2
54,23,5
54,24,2
54,25,1
54,26,5
55,1,5
55,2,5
55,3,1
55,4,5
55,5,5
55,6,5
55,7,5
55,8,5
55,9,5
55,10,5
55,11,5
55,12,5
55,13,5
55,14,5
55,15,5
55,16,5
55,17,5
55,18,5
55,19,5
55,20,5
55,21,5
55,22,5
55,23,5
55,24,5
55,25,5
55,26,5
56,1,5
56,2,5
56,3,3
56,4,5
56,5,3
56,6,5
56,7,5
56,8,4
56,9,5
56,10,1
56,11,2
56,12,1
56,13,5
56,14,2
56,15,3
56,16,3
56,17,3
56,18,2
56,19,1
56,20,5
56,21,3
56,22,3
56,23,5
56,24,1
56,25,2
56,26,5
57,1,2
57,2,2
57,3,5
57,4,2
57,5,3
57,6,2
57,7,1
57,8,4
57,9,4
57,10,4
57,11,1
57,12,1
57,13,4
57,14,1
57,15,1
57,16,4
57,17,2
57,18,4
57,19,1
57,20,1
57,21,1
57,22,1
57,23,5
57,24,1
57,25,1
57,26,4
58,1,2
58,2,2
58,3,4
58,4,2
58,5,5
58,6,3
58,7,3
58,8,2
58,9,4
58,10,3
58,11,5
58,12,2
58,13,5
58,14,2
58,15,1
58,16,5
58,17,4
58,18,2
58,19,3
58,20,1
58,21,3
58,22,2
58,23,5
58,24,4
58,25,1
58,26,5
59,1,2
59,2,2
59,3,4
59,4,3
59,5,4
59,6,1
59,7,4
59,8,1
59,9,4
59,10,3
59,11,3
59,12,1
59,13,3
59,14,1
59,15,1
59,16,4
59,17,1
59,18,4
59,19,2
59,20,1
59,21,1
59,22,3
59,23,5
59,24,1
59,25,1
59,26,4
60,1,3
60,2,2
60,3,5
60,4,3
60,5,4
60,6,3
60,7,2
60,8,3
60,9,4
60,10,4
60,11,2
60,12,4
60,13,5
60,14,4
60,15,1
60,16,4
60,17,2
60,18,3
60,19,2
60,20,1
60,21,2
60,22,5
60,23,5
60,24,1
60,25,1
60,26,5
61,1,2
61,2,4
61,3,3
61,4,3
61,5,5
61,6,5
61,7,2
61,8,4
61,9,5
61,10,1
61,11,1
61,12,2
61,13,5
61,14,3
61,15,2
61,16,4
61,17,2
61,18,1
61,19,2
61,20,2
61,21,3
61,22,4
61,23,5
61,24,1
61,25,1
61,26,5
62,1,3
62,2,4
62,3,5
62,4,2
62,5,4
62,6,4
62,7,2
62,8,4
62,9,4
62,10,2
62,11,2
62,12,4
62,13,4
62,14,3
62,15,3
62,16,4
62,17,2
62,18,5
62,19,2
62,20,2
62,21,2
62,22,4
62,23,5
62,24,2
62,25,1
62,26,5
63,1,3
63,2,4
63,3,5
63,4,3
63,5,4
63,6,4
63,7,4
63,8,4
63,9,4
63,10,4
63,11,4
63,12,1
63,13,4
63,14,2
63,15,2
63,16,4
63,17,2
63,18,2
63,19,2
63,20,1
63,21,2
63,22,4
63,23,5
63,24,2
63,25,2
63,26,4
64,1,5
64,2,5
64,3,3
64,4,5
64,5,1
64,6,4
64,7,3
64,8,5
64,9,4
64,10,3
64,11,1
64,12,4
64,13,4
64,14,4
64,15,4
64,16,3
64,17,3
64,18,1
64,19,5
64,20,5
64,21,5
64,22,5
64,23,5
64,24,5
64,25,5
64,26,4
65,1,2
65,2,4
65,3,2
65,4,2
65,5,5
65,6,5
65,7,5
65,8,2
65,9,5
65,10,5
65,11,2
65,12,3
65,13,5
65,14,5
65,15,1
65,16,4
65,17,2
65,18,2
65,19,5
65,20,5
65,21,4
65,22,5
65,23,5
65,24,3
65,25,1
65,26,1
66,1,4
66,2,5
66,3,4
66,4,3
66,5,3
66,6,5
66,7,4
66,8,5
66,9,5
66,10,4
66,11,4
66,12,5
66,13,5
66,14,5
66,15,3
66,16,4
66,17,5
66,18,1
66,19,4
66,20,4
66,21,5
66,22,2
66,23,5
66,24,2
66,25,3
66,26,5
67,1,4
67,2,3
67,3,4
67,4,4
67,5,4
67,6,4
67,7,4
67,8,2
67,9,4
67,10,3
67,11,2
67,12,1
67,13,4
67,14,2
67,15,1
67,16,3
67,17,2
67,18,2
67,19,2
67,20,1
67,21,1
67,22,2
67,23,5
67,24,1
67,25,1
67,26,5
68,1,4
68,2,5
68,3,3
68,4,5
68,5,2
68,6,5
68,7,5
68,8,4
68,9,5
68,10,4
68,11,3
68,12,4
68,13,5
68,14,3
68,15,3
68,16,5
68,17,4
68,18,1
68,19,4
68,20,1
68,21,4
68,22,4
68,23,5
68,24,1
68,25,1
68,26,5
69,1,2
69,2,5
69,3,5
69,4,2
69,5,4
69,6,4
69,7,2
69,8,5
69,9,4
69,10,4
69,11,3
69,12,5
69,13,4
69,14,3
69,15,3
69,16,4
69,17,5
69,18,2
69,19,3
69,20,2
69,21,2
69,22,2
69,23,5
69,24,2
69,25,1
69,26,5
70,1,3
70,2,1
70,3,4
70,4,2
70,5,4
70,6,4
70,7,2
70,8,1
70,9,3
70,10,4
70,11,1
70,12,3
70,13,5
70,14,2
70,15,1
70,16,4
70,17,1
70,18,4
70,19,1
70,20,4
70,21,2
70,22,4
70,23,5
70,24,1
70,25,1
70,26,5
71,1,2
71,2,4
71,3,5
71,4,4
71,5,5
71,6,2
71,7,1
71,8,2
71,9,3
71,10,5
71,11,1
71,12,1
71,13,4
71,14,1
71,15,1
71,16,3
71,17,2
71,18,3
71,19,2
71,20,1
71,21,2
71,22,2
71,23,5
71,24,2
71,25,1
71,26,5
72,1,3
72,2,2
72,3,5
72,4,1
72,5,2
72,6,2
72,7,1
72,8,2
72,9,2
72,10,4
72,11,1
72,12,1
72,13,4
72,14,1
72,15,3
72,16,5
72,17,3
72,18,2
72,19,2
72,20,1
72,21,2
72,22,4
72,23,5
72,24,1
72,25,1
72,26,5
73,1,2
73,2,4
73,3,3
73,4,3
73,5,4
73,6,5
73,7,2
73,8,3
73,9,3
73,10,3
73,11,2
73,12,2
73,13,4
73,14,2
73,15,3
73,16,3
73,17,2
73,18,3
73,19,3
73,20,3
73,21,2
73,22,3
73,23,5
73,24,1
73,25,1
73,26,4
74,1,2
74,2,4
74,3,2
74,4,4
74,5,4
74,6,5
74,7,4
74,8,3
74,9,4
74,10,1
74,11,2
74,12,2
74,13,3
74,14,2
74,15,4
74,16,3
74,17,4
74,18,5
74,19,1
74,20,2
74,21,3
74,22,4
74,23,5
74,24,1
74,25,1
74,26,5
75,1,1
75,2,3
75,3,3
75,4,2
75,5,5
75,6,4
75,7,2
75,8,1
75,9,4
75,10,4
75,11,1
75,12,1
75,13,4
75,14,1
75,15,3
75,16,4
75,17,1
75,18,2
75,19,1
75,20,1
75,21,2
75,22,3
75,23,5
75,24,2
75,25,1
75,26,5
76,1,4
76,2,5
76,3,2
76,4,1
76,5,5
76,6,4
76,7,3
76,8,2
76,9,5
76,10,2
76,11,2
76,12,2
76,13,4
76,14,1
76,15,2
76,16,3
76,17,4
76,18,4
76,19,1
76,20,1
76,21,1
76,22,1
76,23,5
76,24,1
76,25,1
76,26,4
77,1,3
77,2,4
77,3,2
77,4,5
77,5,2
77,6,4
77,7,4
77,8,4
77,9,5
77,10,2
77,11,2
77,12,1
77,13,4
77,14,1
77,15,2
77,16,4
77,17,1
77,18,3
77,19,1
77,20,1
77,21,1
77,22,4
77,23,5
77,24,1
77,25,1
77,26,5
78,1,2
78,2,5
78,3,2
78,4,4
78,5,5
78,6,5
78,7,2
78,8,2
78,9,4
78,10,1
78,11,5
78,12,5
78,13,5
78,14,4
78,15,1
78,16,4
78,17,5
78,18,1
78,19,2
78,20,5
78,21,4
78,22,5
78,23,5
78,24,5
78,25,5
78,26,5
79,1,3
79,2,5
79,3,2
79,4,2
79,5,5
79,6,5
79,7,4
79,8,4
79,9,4
79,10,3
79,11,5
79,12,1
79,13,5
79,14,2
79,15,3
79,16,3
79,17,5
79,18,2
79,19,4
79,20,4
79,21,3
79,22,5
79,23,5
79,24,3
79,25,3
79,26,5
80,1,3
80,2,1
80,3,5
80,4,1
80,5,3
80,6,4
80,7,1
80,8,2
80,9,2
80,10,3
80,11,2
80,12,4
80,13,5
80,14,1
80,15,2
80,16,4
80,17,4
80,18,3
80,19,2
80,20,1
80,21,3
80,22,4
80,23,5
80,24,2
80,25,2
80,26,2
81,1,2
81,2,3
81,3,4
81,4,2
81,5,5
81,6,4
81,7,1
81,8,2
81,9,4
81,10,4
81,11,1
81,12,1
81,13,5
81,14,1
81,15,1
81,16,4
81,17,2
81,18,1
81,19,2
81,20,1
81,21,1
81,22,2
81,23,5
81,24,1
81,25,1
81,26,4
82,1,4
82,2,4
82,3,5
82,4,3
82,5,4
82,6,4
82,7,4
82,8,4
82,9,4
82,10,2
82,11,1
82,12,4
82,13,3
82,14,3
82,15,2
82,16,5
82,17,3
82,18,4
82,19,4
82,20,2
82,21,4
82,22,2
82,23,5
82,24,2
82,25,1
82,26,4
83,1,2
83,2,4
83,3,4
83,4,2
83,5,4
83,6,4
83,7,3
83,8,4
83,9,4
83,10,4
83,11,2
83,12,2
83,13,4
83,14,2
83,15,3
83,16,4
83,17,2
83,18,4
83,19,2
83,20,2
83,21,2
83,22,3
83,23,5
83,24,1
83,25,1
83,26,5
84,1,4
84,2,5
84,3,3
84,4,2
84,5,4
84,6,5
84,7,5
84,8,2
84,9,4
84,10,2
84,11,1
84,12,2
84,13,5
84,14,4
84,15,3
84,16,4
84,17,4
84,18,2
84,19,4
84,20,1
84,21,4
84,22,3
84,23,5
84,24,4
84,25,1
84,26,4
85,1,4
85,2,4
85,3,5
85,4,2
85,5,5
85,6,4
85,7,2
85,8,4
85,9,4
85,10,3
85,11,4
85,12,3
85,13,5
85,14,1
85,15,1
85,16,3
85,17,3
85,18,2
85,19,2
85,20,3
85,21,5
85,22,5
85,23,5
85,24,2
85,25,1
85,26,4
86,1,4
86,2,4
86,3,5
86,4,2
86,5,5
86,6,4
86,7,2
86,8,4
86,9,4
86,10,3
86,11,4
86,12,3
86,13,5
86,14,1
86,15,1
86,16,3
86,17,3
86,18,2
86,19,2
86,20,3
86,21,5
86,22,5
86,23,5
86,24,2
86,25,1
86,26,4
87,1,3
87,2,4
87,3,5
87,4,2
87,5,4
87,6,4
87,7,1
87,8,2
87,9,4
87,10,2
87,11,3
87,12,1
87,13,5
87,14,3
87,15,2
87,16,2
87,17,1
87,18,5
87,19,1
87,20,1
87,21,1
87,22,1
87,23,5
87,24,1
87,25,1
87,26,5
88,1,3
88,2,2
88,3,5
88,4,2
88,5,3
88,6,3
88,7,1
88,8,2
88,9,2
88,10,4
88,11,4
88,12,1
88,13,5
88,14,1
88,15,1
88,16,4
88,17,1
88,18,2
88,19,1
88,20,1
88,21,4
89,1,3
89,2,5
89,3,2
89,4,2
89,5,2
89,6,5
89,7,5
89,8,2
89,9,5
89,10,4
89,11,1
89,12,1
89,13,1
89,14,1
89,15,1
89,16,3
89,17,4
89,18,5
89,19,4
89,20,5
89,21,3
89,22,5
89,23,5
89,24,3
89,25,1
89,26,4
88,22,4
88,23,5
88,24,1
88,25,1
88,26,4
90,1,3
90,2,5
90,3,2
90,4,5
90,5,4
90,6,5
90,7,3
90,8,2
90,9,4
90,10,4
90,11,2
90,12,5
90,13,4
90,14,4
90,15,3
90,16,4
90,17,5
90,18,4
90,19,2
90,20,3
90,21,4
90,22,4
90,23,5
90,24,3
90,25,3
90,26,4
91,1,2
91,2,2
91,3,4
91,4,4
91,5,5
91,6,4
91,7,1
91,8,2
91,9,5
91,10,4
91,11,1
91,12,1
91,13,4
91,14,2
91,15,1
91,16,4
91,17,3
91,18,4
91,19,2
91,20,3
91,21,3
91,22,4
91,23,5
91,24,1
91,25,1
91,26,5
92,1,5
92,2,4
92,3,1
92,4,3
92,5,2
92,6,5
92,7,5
92,8,4
92,9,5
92,10,2
92,11,2
92,12,4
92,13,3
92,14,3
92,15,2
92,16,2
92,17,4
92,18,2
92,19,2
92,20,5
92,21,5
92,22,4
92,23,4
92,24,1
92,25,2
92,26,2
93,1,4
93,2,2
93,3,4
93,4,2
93,5,5
93,6,2
93,7,1
93,8,1
93,9,4
93,10,4
93,11,1
93,12,1
93,13,5
93,14,1
93,15,1
93,16,4
93,17,1
93,18,4
93,19,2
93,20,1
93,21,4
93,22,5
93,23,5
93,24,1
93,25,2
93,26,4
94,1,2
94,2,2
94,3,2
94,4,1
94,5,1
94,6,5
94,7,4
94,8,5
94,9,4
94,10,5
94,11,4
94,12,5
94,13,5
94,14,4
94,15,3
94,16,4
94,17,5
94,18,2
94,19,3
94,20,4
94,21,5
94,22,4
94,23,4
94,24,3
94,25,3
94,26,5
95,1,2
95,2,5
95,3,3
95,4,2
95,5,4
95,6,5
95,7,2
95,8,2
95,9,4
95,10,4
95,11,2
95,12,5
95,13,5
95,14,2
95,15,1
95,16,3
95,17,3
95,18,5
95,19,1
95,20,4
95,21,4
95,22,4
95,23,5
95,24,1
95,25,1
95,26,4
96,1,4
96,2,5
96,3,1
96,4,5
96,5,3
96,6,4
96,7,5
96,8,3
96,9,4
96,10,2
96,11,1
96,12,2
96,13,4
96,14,3
96,15,4
96,16,4
96,17,4
96,18,2
96,19,4
96,20,5
96,21,5
96,22,5
96,23,5
96,24,2
96,25,5
96,26,3
97,1,5
97,2,4
97,3,1
97,4,5
97,5,4
97,6,5
97,7,5
97,8,5
97,9,5
97,10,5
97,11,5
97,12,3
97,13,5
97,14,5
97,15,5
97,16,5
97,17,5
97,18,1
97,19,5
97,20,5
97,21,5
97,22,5
97,23,4
97,24,5
97,25,5
97,26,5
98,1,4
98,2,4
98,3,3
98,4,4
98,5,5
98,6,3
98,7,4
98,8,3
98,9,5
98,10,3
98,11,5
98,12,3
98,13,5
98,14,4
98,15,4
98,16,5
98,17,5
98,18,4
98,19,3
98,20,3
98,21,3
98,22,2
98,23,4
98,24,3
98,25,1
98,26,3
99,1,2
99,2,4
99,3,3
99,4,2
99,5,5
99,6,5
99,7,4
99,8,3
99,9,4
99,10,2
99,11,4
99,12,3
99,13,4
99,14,2
99,15,3
99,16,3
99,17,4
99,18,2
99,19,3
99,20,3
99,21,3
99,22,4
99,23,4
99,24,3
99,25,1
99,26,4
100,1,2
100,2,5
100,3,3
100,4,4
100,5,2
100,6,5
100,7,4
100,8,4
100,9,4
100,10,4
100,11,2
100,12,2
100,13,5
100,14,3
100,15,4
100,16,4
100,17,5
100,18,2
100,19,2
100,20,2
100,21,4
100,22,3
100,23,4
100,24,2
100,25,3
100,26,4
101,1,3
101,2,3
101,3,4
101,4,2
101,5,5
101,6,3
101,7,2
101,8,4
101,9,4
101,10,3
101,11,4
101,12,4
101,13,4
101,14,1
101,15,2
101,16,3
101,17,2
101,18,5
101,19,5
101,20,1
101,21,3
101,22,4
101,23,3
101,24,1
101,25,1
101,26,4
102,1,4
102,2,5
102,3,2
102,4,3
102,5,4
102,6,5
102,7,4
102,8,3
102,9,5
102,10,5
102,11,1
102,12,1
102,13,4
102,14,3
102,15,2
102,16,3
102,17,1
102,18,4
102,19,2
102,20,1
102,21,1
102,22,1
102,23,5
102,24,4
102,25,1
102,26,4
103,1,2
103,2,2
103,3,4
103,4,2
103,5,4
103,6,4
103,7,2
103,8,4
103,9,4
103,10,5
103,11,1
103,12,4
103,13,5
103,14,1
103,15,1
103,16,4
103,17,2
103,18,2
103,19,1
103,20,1
103,21,2
103,22,1
103,23,5
103,24,1
103,25,2
103,26,5
104,1,4
104,2,2
104,3,4
104,4,4
104,5,4
104,6,4
104,7,2
104,8,1
104,9,4
104,10,2
104,11,2
104,12,1
104,13,4
104,14,1
104,15,1
104,16,2
104,17,4
104,18,4
104,19,2
104,20,1
104,21,1
104,22,2
104,23,5
104,24,1
104,25,1
104,26,4
105,1,4
105,2,5
105,3,4
105,4,4
105,5,5
105,6,5
105,7,4
105,8,5
105,9,5
105,10,5
105,11,4
105,12,5
105,13,5
105,14,4
105,15,5
105,16,5
105,17,2
105,18,3
105,19,4
105,20,4
105,21,5
105,22,5
105,23,5
105,24,2
105,25,3
105,26,5
106,1,2
106,2,4
106,3,4
106,4,2
106,5,5
106,6,4
106,7,1
106,8,4
106,9,2
106,10,4
106,11,2
106,12,2
106,13,4
106,14,2
106,15,1
106,16,4
106,17,1
106,18,1
106,19,2
106,20,1
106,21,2
106,22,2
106,23,5
106,24,1
106,25,1
106,26,4
107,1,2
107,2,5
107,3,3
107,4,2
107,5,4
107,6,4
107,7,3
107,8,2
107,9,4
107,10,4
107,11,1
107,12,1
107,13,4
107,14,4
107,15,4
107,16,4
107,17,5
107,18,5
107,19,3
107,20,1
107,21,2
107,22,5
107,23,5
107,24,2
107,25,1
107,26,4
108,1,2
108,2,3
108,3,5
108,4,2
108,5,3
108,6,2
108,7,1
108,8,3
108,9,4
108,10,4
108,11,1
108,12,1
108,13,4
108,14,1
108,15,1
108,16,4
108,17,4
108,18,2
108,19,2
108,20,1
108,21,1
108,22,2
108,23,5
108,24,1
108,25,1
108,26,5
109,1,4
109,2,5
109,3,2
109,4,4
109,5,2
109,6,5
109,7,5
109,8,5
109,9,3
109,10,3
109,11,3
109,12,2
109,13,5
109,14,5
109,15,4
109,16,2
109,17,5
109,18,1
109,19,2
109,20,3
109,21,2
109,22,3
109,23,4
109,24,2
109,25,2
109,26,4
110,1,4
110,2,4
110,3,4
110,4,3
110,5,5
110,6,5
110,7,2
110,8,2
110,9,5
110,10,5
110,11,5
110,12,3
110,13,4
110,14,3
110,15,3
110,16,2
110,17,4
110,18,3
110,19,4
110,20,4
110,21,5
110,22,5
110,23,5
110,24,1
110,25,1
110,26,5
111,1,3
111,2,5
111,3,4
111,4,5
111,5,2
111,6,5
111,7,5
111,8,5
111,9,5
111,10,4
111,11,1
111,12,5
111,13,5
111,14,5
111,15,5
111,16,5
111,17,5
111,18,1
111,19,5
111,20,5
111,21,1
111,22,1
111,23,5
111,24,1
111,25,1
111,26,5
112,1,1
112,2,2
112,3,5
112,4,1
112,5,5
112,6,1
112,7,1
112,8,2
112,9,4
112,10,5
112,11,2
112,12,1
112,13,5
112,14,1
112,15,1
112,16,5
112,17,1
112,18,4
112,19,1
112,20,1
112,21,2
112,22,4
112,23,5
112,24,1
112,25,1
112,26,5
113,1,4
113,2,4
113,3,5
113,4,3
113,5,4
113,6,4
113,7,4
113,8,3
113,9,4
113,10,4
113,11,4
113,12,3
113,13,5
113,14,2
113,15,4
113,16,4
113,17,4
113,18,5
113,19,3
113,20,1
113,21,4
113,22,5
113,23,5
113,24,1
113,25,1
113,26,4
114,1,1
114,2,5
114,3,2
114,4,5
114,5,1
114,6,5
114,7,5
114,8,5
114,9,5
114,10,5
114,11,5
114,12,5
114,13,5
114,14,2
114,15,1
114,16,5
114,17,5
114,18,2
114,19,5
114,20,5
114,21,5
114,22,5
114,23,5
114,24,1
114,25,1
114,26,5
115,1,2
115,2,2
115,3,4
115,4,4
115,5,5
115,6,5
115,7,2
115,8,2
115,9,5
115,10,4
115,11,2
115,12,1
115,13,5
115,14,2
115,15,1
115,16,3
115,17,2
115,18,4
115,19,2
115,20,2
115,21,1
115,22,2
115,23,5
115,24,1
115,25,1
115,26,4
116,1,3
116,2,5
116,3,1
116,4,4
116,5,4
116,6,5
116,7,3
116,8,2
116,9,4
116,10,3
116,11,4
116,12,2
116,13,4
116,14,3
116,15,4
116,16,5
116,17,5
116,18,3
116,19,2
116,20,3
116,21,4
116,22,4
116,23,5
116,24,4
116,25,5
116,26,5
117,1,3
117,2,5
117,3,5
117,4,4
117,5,2
117,6,5
117,7,3
117,8,4
117,9,4
117,10,3
117,11,3
117,12,2
117,13,4
117,14,3
117,15,3
117,16,4
117,17,4
117,18,2
117,19,4
117,20,4
117,21,4
117,22,2
117,23,5
117,24,2
117,25,1
117,26,4
118,1,1
118,2,3
118,3,4
118,4,1
118,5,3
118,6,3
118,7,4
118,8,2
118,9,5
118,10,3
118,11,5
118,12,1
118,13,5
118,14,2
118,15,2
118,16,4
118,17,1
118,18,1
118,19,1
118,20,4
118,21,4
118,22,4
118,23,4
118,24,2
118,25,3
118,26,4
119,1,4
119,2,5
119,3,1
119,4,5
119,5,4
119,6,5
119,7,5
119,8,4
119,9,5
119,10,5
119,11,4
119,12,5
119,13,5
119,14,4
119,15,5
119,16,4
119,17,5
119,18,1
119,19,2
119,20,5
119,21,5
119,22,5
119,23,5
119,24,4
119,25,4
119,26,2
120,1,3
120,2,5
120,3,5
120,4,3
120,5,5
120,6,5
120,7,4
120,8,4
120,9,5
120,10,3
120,11,2
120,12,1
120,13,5
120,14,2
120,15,1
120,16,5
120,17,3
120,18,5
120,19,3
120,20,2
120,21,2
120,22,3
120,23,5
120,24,1
120,25,1
120,26,5
121,1,2
121,2,2
121,3,4
121,4,1
121,5,4
121,6,2
121,7,1
121,8,2
121,9,2
121,10,4
121,11,2
121,12,1
121,13,4
121,14,2
121,15,2
121,16,4
121,17,1
121,18,4
121,19,1
121,20,1
121,21,2
121,22,2
121,23,5
121,24,1
121,25,1
121,26,4
122,1,4
122,2,4
122,3,4
122,4,2
122,5,4
122,6,4
122,7,3
122,8,4
122,9,4
122,10,3
122,11,1
122,12,2
122,13,4
122,14,1
122,15,2
122,16,3
122,17,4
122,18,2
122,19,2
122,20,1
122,21,2
122,22,4
122,23,5
122,24,2
122,25,1
122,26,4
123,1,2
123,2,5
123,3,5
123,4,4
123,5,3
123,6,4
123,7,4
123,8,2
123,9,4
123,10,4
123,11,3
123,12,4
123,13,5
123,14,1
123,15,4
123,16,3
123,17,5
123,18,1
123,19,4
123,20,5
123,21,5
123,22,5
123,23,5
123,24,2
123,25,3
123,26,4
124,1,4
124,2,5
124,3,1
124,4,4
124,5,2
124,6,5
124,7,5
124,8,4
124,9,4
124,10,3
124,11,4
124,12,4
124,13,5
124,14,4
124,15,2
124,16,4
124,17,4
124,18,1
124,19,2
124,20,4
124,21,4
124,22,4
124,23,5
124,24,3
124,25,2
124,26,5
125,1,4
125,2,2
125,3,3
125,4,2
125,5,5
125,6,4
125,7,3
125,8,4
125,9,4
125,10,2
125,11,4
125,12,2
125,13,4
125,14,2
125,15,2
125,16,4
125,17,2
125,18,2
125,19,4
125,20,1
125,21,1
125,22,2
125,23,5
125,24,1
125,25,1
125,26,5
126,1,3
126,2,4
126,3,2
126,4,3
126,5,4
126,6,2
126,7,2
126,8,2
126,9,3
126,10,3
126,11,2
126,12,2
126,13,4
126,14,1
126,15,2
126,16,4
126,17,2
126,18,4
126,19,2
126,20,1
126,21,3
126,22,4
126,23,5
126,24,2
126,25,1
126,26,4
127,1,4
127,2,3
127,3,4
127,4,2
127,5,4
127,6,5
127,7,3
127,8,2
127,9,2
127,10,4
127,11,5
127,12,1
127,13,4
127,14,2
127,15,1
127,16,4
127,17,5
127,18,2
127,19,2
127,20,1
127,21,3
127,22,1
127,23,5
127,24,3
127,25,1
127,26,5
128,1,3
128,2,4
128,3,2
128,4,4
128,5,4
128,6,4
128,7,5
128,8,2
128,9,4
128,10,4
128,11,1
128,12,2
128,13,4
128,14,4
128,15,4
128,16,4
128,17,5
128,18,2
128,19,3
128,20,3
128,21,4
128,22,4
128,23,4
128,24,3
128,25,4
128,26,4
129,1,2
129,2,4
129,3,4
129,4,4
129,5,5
129,6,4
129,7,2
129,8,2
129,9,5
129,10,4
129,11,3
129,12,4
129,13,5
129,14,2
129,15,1
129,16,4
129,17,3
129,18,2
129,19,1
129,20,1
129,21,1
129,22,2
129,23,5
129,24,1
129,25,1
129,26,4
130,1,2
130,2,2
130,3,5
130,4,1
130,5,3
130,6,5
130,7,4
130,8,2
130,9,2
130,10,4
130,11,1
130,12,3
130,13,5
130,14,2
130,15,1
130,16,4
130,17,2
130,18,2
130,19,1
130,20,1
130,21,4
130,22,3
130,23,5
130,24,1
130,25,1
130,26,5
131,1,1
131,2,1
131,3,5
131,4,2
131,5,5
131,6,4
131,7,1
131,8,1
131,9,4
131,10,5
131,11,1
131,12,1
131,13,5
131,14,1
131,15,1
131,16,1
131,17,1
131,18,5
131,19,1
131,20,1
131,21,1
131,22,1
131,23,5
131,24,1
131,25,1
131,26,5
132,1,3
132,2,4
132,3,5
132,4,1
132,5,4
132,6,5
132,7,3
132,8,2
132,9,4
132,10,5
132,11,2
132,12,2
132,13,5
132,14,1
132,15,1
132,16,5
132,17,2
132,18,2
132,19,1
132,20,1
132,21,2
132,22,3
132,23,5
132,24,1
132,25,1
132,26,4
133,1,2
133,2,3
133,3,5
133,4,2
133,5,4
133,6,3
133,7,2
133,8,2
133,9,4
133,10,4
133,11,4
133,12,2
133,13,4
133,14,1
133,15,1
133,16,2
133,17,1
133,18,4
133,19,3
133,20,1
133,21,1
133,22,1
133,23,5
133,24,1
133,25,1
133,26,4
134,1,1
134,2,5
134,3,2
134,4,4
134,5,3
134,6,5
134,7,4
134,8,4
134,9,5
134,10,1
134,11,3
134,12,1
134,13,4
134,14,4
134,15,3
134,16,4
134,17,3
134,18,4
134,19,2
134,20,3
134,21,5
134,22,5
134,23,5
134,24,2
134,25,2
134,26,4
135,1,4
135,2,5
135,3,1
135,4,5
135,5,1
135,6,5
135,7,5
135,8,4
135,9,4
135,10,2
135,11,1
135,12,5
135,13,4
135,14,3
135,15,4
135,16,3
135,17,5
135,18,2
135,19,5
135,20,5
135,21,5
135,22,5
135,23,3
135,24,2
135,25,4
135,26,2
136,1,2
136,2,2
136,3,5
136,4,2
136,5,4
136,6,3
136,7,2
136,8,2
136,9,5
136,10,3
136,11,2
136,12,1
136,13,2
136,14,1
136,15,1
136,16,3
136,17,1
136,18,5
136,19,1
136,20,1
136,21,1
136,22,2
136,23,5
136,24,1
136,25,1
136,26,5
137,1,2
137,2,3
137,3,4
137,4,2
137,5,5
137,6,5
137,7,4
137,8,1
137,9,5
137,10,4
137,11,4
137,12,3
137,13,4
137,14,2
137,15,4
137,16,4
137,17,4
137,18,4
137,19,2
137,20,1
137,21,1
137,22,1
137,23,5
137,24,1
137,25,1
137,26,5
138,1,5
138,2,1
138,3,5
138,4,3
138,5,2
138,6,4
138,7,2
138,8,2
138,9,2
138,10,5
138,11,1
138,12,2
138,13,4
138,14,2
138,15,3
138,16,5
138,17,2
138,18,3
138,19,2
138,20,1
138,21,1
138,22,4
138,23,4
138,24,2
138,25,2
138,26,5
139,1,2
139,2,3
139,3,4
139,4,2
139,5,5
139,6,5
139,7,4
139,8,2
139,9,4
139,10,4
139,11,4
139,12,3
139,13,4
139,14,2
139,15,4
139,16,4
139,17,5
139,18,1
139,19,2
139,20,1
139,21,1
139,22,2
139,23,5
139,24,1
139,25,1
139,26,5
140,1,2
140,2,3
140,3,4
140,4,2
140,5,5
140,6,1
140,7,2
140,8,4
140,9,4
140,10,2
140,11,2
140,12,2
140,13,4
140,14,2
140,15,4
140,16,4
140,17,2
140,18,2
140,19,2
140,20,2
140,21,4
140,22,3
140,23,5
140,24,3
140,25,1
140,26,5
141,1,2
141,2,3
141,3,5
141,4,2
141,5,2
141,6,5
141,7,1
141,8,2
141,9,4
141,10,4
141,11,2
141,12,1
141,13,5
141,14,1
141,15,3
141,16,3
141,17,1
141,18,4
141,19,2
141,20,1
141,21,1
141,22,2
141,23,5
141,24,1
141,25,1
141,26,5
142,1,3
142,2,3
142,3,3
142,4,3
142,5,3
142,6,3
142,7,3
142,8,3
142,9,3
142,10,3
142,11,3
142,12,3
142,13,3
142,14,3
142,15,3
142,16,3
142,17,3
142,18,3
142,19,3
142,20,3
142,21,3
142,22,3
142,23,3
142,24,3
142,25,3
142,26,3
143,1,4
143,2,5
143,3,3
143,4,4
143,5,4
143,6,5
143,7,4
143,8,4
143,9,4
143,10,1
143,11,4
143,12,4
143,13,4
143,14,2
143,15,4
143,16,2
143,17,5
143,18,1
143,19,2
143,20,2
143,21,4
143,22,4
143,23,4
143,24,2
143,25,3
143,26,5
144,1,3
144,2,2
144,3,4
144,4,4
144,5,4
144,6,3
144,7,4
144,8,2
144,9,4
144,10,2
144,11,4
144,12,4
144,13,5
144,14,4
144,15,3
144,16,4
144,17,5
144,18,2
144,19,4
144,20,4
144,21,3
144,22,5
144,23,4
144,24,3
144,25,3
144,26,4
145,1,2
145,2,5
145,3,2
145,4,3
145,5,2
145,6,5
145,7,4
145,8,4
145,9,4
145,10,4
145,11,2
145,12,4
145,13,5
145,14,4
145,15,4
145,16,4
145,17,5
145,18,2
145,19,3
145,20,4
145,21,5
145,22,4
145,23,5
145,24,3
145,25,3
145,26,4
146,1,1
146,2,1
146,3,1
146,4,4
146,5,1
146,6,5
146,7,5
146,8,1
146,9,2
146,10,1
146,11,5
146,12,4
146,13,5
146,14,2
146,15,2
146,16,4
146,17,5
146,18,1
146,19,5
146,20,5
146,21,5
146,22,5
146,23,2
146,24,4
146,25,4
146,26,2
147,1,3
147,2,5
147,3,4
147,4,2
147,5,3
147,6,4
147,7,4
147,8,5
147,9,5
147,10,4
147,11,2
147,12,4
147,13,5
147,14,3
147,15,4
147,16,4
147,17,4
147,18,2
147,19,2
147,20,2
147,21,4
147,22,3
147,23,4
147,24,4
147,25,1
147,26,5
148,1,1
148,2,1
148,3,4
148,4,1
148,5,3
148,6,2
148,7,5
148,8,5
148,9,5
148,10,5
148,11,1
148,12,1
148,13,4
148,14,1
148,15,1
148,16,3
148,17,1
148,18,4
148,19,1
148,20,1
148,21,2
148,22,5
148,23,5
148,24,1
148,25,1
148,26,5
149,1,1
149,2,3
149,3,5
149,4,1
149,5,5
149,6,2
149,7,4
149,8,4
149,9,5
149,10,4
149,11,1
149,12,1
149,13,4
149,14,1
149,15,1
149,16,3
149,17,1
149,18,4
149,19,1
149,20,1
149,21,2
149,22,5
149,23,5
149,24,1
149,25,1
149,26,5
150,1,2
150,2,5
150,3,2
150,4,2
150,5,1
150,6,5
150,7,1
150,8,2
150,9,4
150,10,4
150,11,1
150,12,5
150,13,4
150,14,5
150,15,1
150,16,5
150,17,5
150,18,1
150,19,5
150,20,5
150,21,5
150,22,5
150,23,5
150,24,5
150,25,5
150,26,5
151,1,3
151,2,4
151,3,2
151,4,3
151,5,4
151,6,5
151,7,4
151,8,4
151,9,5
151,10,4
151,11,5
151,12,3
151,13,5
151,14,5
151,15,3
151,16,3
151,17,5
151,18,3
151,19,3
151,20,3
151,21,4
151,22,1
151,23,3
151,24,3
151,25,1
151,26,5
152,1,2
152,2,5
152,3,3
152,4,2
152,5,5
152,6,5
152,7,2
152,8,2
152,9,5
152,10,1
152,11,1
152,12,1
152,13,5
152,14,2
152,15,3
152,16,5
152,17,1
152,18,4
152,19,5
152,20,1
152,21,3
152,22,5
152,23,5
152,24,2
152,25,1
152,26,5
153,1,2
153,2,4
153,3,3
153,4,2
153,5,3
153,6,5
153,7,3
153,8,3
153,9,4
153,10,3
153,11,2
153,12,3
153,13,4
153,14,2
153,15,2
153,16,4
153,17,5
153,18,3
153,19,2
153,20,4
153,21,2
153,22,2
153,23,4
153,24,5
153,25,2
153,26,5
154,1,4
154,2,4
154,3,4
154,4,2
154,5,5
154,6,4
154,7,2
154,8,2
154,9,4
154,10,2
154,11,2
154,12,2
154,13,4
154,14,2
154,15,3
154,16,4
154,17,2
154,18,4
154,19,2
154,20,2
154,21,4
154,22,4
154,23,4
154,24,2
154,25,2
154,26,4
155,1,5
155,2,5
155,3,2
155,4,5
155,5,1
155,6,5
155,7,5
155,8,1
155,9,5
155,10,1
155,11,1
155,12,4
155,13,5
155,14,2
155,15,1
155,16,4
155,17,4
155,18,2
155,19,2
155,20,3
155,21,4
155,22,5
155,23,5
155,24,2
155,25,2
155,26,3
156,1,2
156,2,4
156,3,4
156,4,3
156,5,5
156,6,3
156,7,2
156,8,1
156,9,4
156,10,4
156,11,1
156,12,1
156,13,5
156,14,1
156,15,2
156,16,3
156,17,1
156,18,5
156,19,1
156,20,1
156,21,1
156,22,2
156,23,5
156,24,2
156,25,1
156,26,5
157,1,4
157,2,5
157,3,1
157,4,5
157,5,1
157,6,5
157,7,5
157,8,4
157,9,4
157,10,1
157,11,2
157,12,4
157,13,5
157,14,4
157,15,4
157,16,4
157,17,5
157,18,2
157,19,2
157,20,5
157,21,4
157,22,2
157,23,5
157,24,2
157,25,4
157,26,5
158,1,4
158,2,4
158,3,3
158,4,5
158,5,1
158,6,4
158,7,4
158,8,2
158,9,4
158,10,2
158,11,4
158,12,2
158,13,5
158,14,2
158,15,2
158,16,4
158,17,4
158,18,4
158,19,2
158,20,1
158,21,1
158,22,2
158,23,5
158,24,1
158,25,1
158,26,5
159,1,2
159,2,4
159,3,4
159,4,3
159,5,4
159,6,3
159,7,2
159,8,2
159,9,4
159,10,2
159,11,1
159,12,2
159,13,4
159,14,2
159,15,4
159,16,4
159,17,4
159,18,2
159,19,2
159,20,1
159,21,3
159,22,1
159,23,5
159,24,2
159,25,1
159,26,4
160,1,4
160,2,5
160,3,2
160,4,4
160,5,4
160,6,5
160,7,1
160,8,1
160,9,5
160,10,5
160,11,4
160,12,1
160,13,5
160,14,1
160,15,5
160,16,5
160,17,5
160,18,5
160,19,2
160,20,1
160,21,5
160,22,5
160,23,5
160,24,1
160,25,3
160,26,5
161,1,4
161,2,5
161,3,3
161,4,3
161,5,4
161,6,4
161,7,4
161,8,1
161,9,2
161,10,3
161,11,1
161,12,1
161,13,5
161,14,1
161,15,3
161,16,5
161,17,3
161,18,1
161,19,3
161,20,4
161,21,4
161,22,4
161,23,4
161,24,4
161,25,5
161,26,5
162,1,4
162,2,5
162,3,3
162,4,2
162,5,2
162,6,5
162,7,4
162,8,4
162,9,4
162,10,2
162,11,3
162,12,5
162,13,4
162,14,5
162,15,4
162,16,4
162,17,5
162,18,1
162,19,4
162,20,5
162,21,5
162,22,5
162,23,5
162,24,4
162,25,5
162,26,2
163,1,3
163,2,4
163,3,2
163,4,3
163,5,3
163,6,4
163,7,2
163,8,4
163,9,4
163,10,3
163,11,2
163,12,1
163,13,4
163,14,2
163,15,4
163,16,4
163,17,1
163,18,2
163,19,3
163,20,3
163,21,2
163,22,3
163,23,4
163,24,2
163,25,2
163,26,4
164,1,2
164,2,2
164,3,2
164,4,1
164,5,2
164,6,4
164,7,4
164,8,5
164,9,4
164,10,3
164,11,1
164,12,1
164,13,5
164,14,1
164,15,1
164,16,4
164,17,2
164,18,3
164,19,1
164,20,2
164,21,3
164,22,2
164,23,5
164,24,2
164,25,1
164,26,5
165,1,3
165,2,5
165,3,3
165,4,2
165,5,2
165,6,4
165,7,4
165,8,2
165,9,4
165,10,4
165,11,1
165,12,3
165,13,5
165,14,4
165,15,5
165,16,4
165,17,5
165,18,2
165,19,3
165,20,3
165,21,4
165,22,5
165,23,5
165,24,1
165,25,1
165,26,4
166,1,1
166,2,1
166,3,5
166,4,1
166,5,5
166,6,1
166,7,1
166,8,1
166,9,1
166,10,1
166,11,5
166,12,1
166,13,1
166,14,1
166,15,1
166,16,1
166,17,1
166,18,5
166,19,1
166,20,1
166,21,1
166,22,1
166,23,1
166,24,1
166,25,1
166,26,1
167,1,4
167,2,3
167,3,4
167,4,2
167,5,5
167,6,5
167,7,1
167,8,1
167,9,4
167,10,3
167,11,3
167,12,2
167,13,4
167,14,1
167,15,1
167,16,2
167,17,2
167,18,3
167,19,3
167,20,3
167,21,2
167,22,2
167,23,5
167,24,2
167,25,1
167,26,4
168,1,3
168,2,5
168,3,4
168,4,3
168,5,3
168,6,5
168,7,4
168,8,4
168,9,4
168,10,2
168,11,2
168,12,1
168,13,5
168,14,4
168,15,2
168,16,4
168,17,4
168,18,3
168,19,2
168,20,3
168,21,4
168,22,2
168,23,5
168,24,4
168,25,3
168,26,5
169,1,3
169,2,3
169,3,3
169,4,3
169,5,3
169,6,3
169,7,4
169,8,3
169,9,3
169,10,3
169,11,3
169,12,5
169,13,5
169,14,3
169,15,3
169,16,5
169,17,5
169,18,1
169,19,3
169,20,3
169,21,3
169,22,3
169,23,5
169,24,2
169,25,2
169,26,3
170,1,2
170,2,4
170,3,4
170,4,3
170,5,4
170,6,4
170,7,2
170,8,3
170,9,4
170,10,2
170,11,2
170,12,2
170,13,5
170,14,3
170,15,2
170,16,3
170,17,2
170,18,2
170,19,2
170,20,2
170,21,2
170,22,4
170,23,5
170,24,1
170,25,1
170,26,4
